baseline_scale,Q10,T_ref_c,substrate_alpha,substrate_threshold,diel_amplitude,diel_phase_hours,f_arch_drain,f_arch_channel,f_arch_estuary,f_arch_bay,sample_id,rms_SAN YSIDRO,corr_SAN YSIDRO,peak_ratio_SAN YSIDRO,rms_NESTOR - BES,corr_NESTOR - BES,peak_ratio_NESTOR - BES,rms_IB CIVIC CTR,corr_IB CIVIC CTR,peak_ratio_IB CIVIC CTR
94.94720448298817,2.2851701948684946,12.764248327599555,0.40892208451346085,24.888671261455354,1.2171322856818474,7.445808608958298,0.694181358345175,1.0859809068089994,1.6478788568252494,0.40554155591046015,0,1776.0231289805965,-0.11429737043425074,132.87202197556516,616.4640238866482,-0.025559587592551,7.79713277307197,1382.304337413126,-0.15797869743089424,81.31884505991982
170.45168606625143,1.7531799109695205,22.739723330147285,0.3997201467375372,11.943783881986217,2.783057542442527,10.469643816219707,3.1758688593415636,0.9114288953474446,0.8444076190078111,0.2929151565810349,1,2702.6830602368846,-0.10151661339675709,194.37838077509548,483.2523034353452,0.041438394675009614,6.511016302397479,397.8931961104438,-0.1554288410136762,21.733117033947696
130.32194479955348,1.6347348940105695,12.066286421276358,0.02174080093769434,28.628271145451844,3.2104383694153853,3.8996821049361015,4.022679272831814,1.4040895717254511,1.926401259126593,0.032344566137437455,2,5576.914192081463,-0.1267421374181818,443.7632434932076,746.514109658987,-0.0559274539942168,8.100379655310691,1411.2687630911605,-0.16079857985498183,77.80391649381622
131.27603106610192,2.342532554744002,24.51754622465791,0.4249756952177319,11.495376456602159,1.362877950051025,4.439506468555722,3.140278943129659,0.9459760135521209,2.6654224566966827,0.17405037321657077,3,922.9442075730927,-0.10326706695089323,72.11402524542264,183.46851316085449,-0.045346622795760065,1.7516970628234094,388.2354346873484,-0.15586451374878965,22.440272708814238
144.11742997582752,3.3341435377199438,12.652375294871764,0.04742956606515242,17.258176254274545,2.111062076048226,5.9645989432935025,4.261265712491994,1.586708248242911,2.818784988407649,0.18891734448829847,4,9065.142183366308,-0.10325959468347665,701.6093637190944,1281.7566856998515,-0.08344155586230818,14.777528325629152,2676.6692562174926,-0.152455976751074,160.56860241378033
78.98715743156212,2.6745104650018527,23.7745203842781,0.18423273856732425,12.533618873631779,1.5673502362023026,11.35580852569136,1.8724717258265022,0.8535317586416968,2.594314990107709,0.35817021276205135,5,417.2028016878357,-0.09689123204240346,29.37948513508008,132.99256990967652,-0.053824715159894065,0.9547928999343698,264.2582779246716,-0.15702148893583565,15.665948732292627
9.120465420138434,2.6939248473426494,19.434236243330005,0.3236410096447546,21.906571702053352,2.9768664577152393,5.707761768207497,0.8671084036661929,0.19910488387786351,1.9554834113259267,0.3222473039408013,6,100.95142303125475,-0.11961136428735329,9.093717565535306,100.85875664142984,-0.1541350261664572,0.34721484243952655,120.80390028891294,-0.14403459100794266,7.244767225508843
161.9655451185465,1.9701468284356007,29.878472202085135,0.17261843505001373,24.542938370272836,1.9828319177713754,7.345057157559243,3.5520841339175107,1.7074366759596307,0.3198868133549393,0.04093414432218428,7,2633.4419693415953,-0.11941508592509431,198.32721826574664,401.06270544418373,0.051385642342700995,5.16722794820442,179.9300682231631,-0.13542595781376468,6.89129122248938
135.37557929463875,2.4833411126695877,22.000547310883462,0.23965157600349032,36.55180777945239,1.1133680592358095,1.5108899045757915,2.9660350651802605,0.13641044286254944,0.47078287345027026,0.2347677158172738,8,4244.687989302351,-0.08956380147587534,362.0651471021835,537.5384889746497,0.04906822073944064,8.928892833796212,423.84121757172016,-0.13200220415008138,21.12583141599903
112.63450907703411,2.5033612996852934,25.418853023387413,0.4175803727195071,31.577175530083547,3.229399118805747,10.323896806752597,4.6104695135399725,1.2266752480262013,1.1274046273559635,0.2391868413683732,9,13998.07267511842,-0.10359581513586127,1086.3378342573237,2083.7075566777103,0.017701802050080283,31.009771639716853,1810.912010512184,-0.15132567950292306,105.7456542538004
44.81587953510598,3.343940719741685,23.63476736348359,0.14700217898026657,11.724098622886679,2.4170673891868475,5.29929197948894,4.84704757175352,0.4304128641921392,1.4726121908560466,0.08594089868370207,10,842.2053145915613,-0.10523824484322862,74.27673530166987,121.93878678261217,-0.074425686404359,1.4487722029166268,130.3751381264491,-0.15056685363723438,7.677176839581398
51.216980299519456,1.8257243051403385,17.641927238790082,0.30880114360941807,14.519815425595231,2.063832060193254,3.419132410169696,1.5045788408495273,0.27225231106897196,0.5296773056243804,0.0753435198250945,11,344.02753958553694,-0.11165544538952751,28.64060199627313,98.03562273116535,-0.008021689753531984,0.5972635889778589,69.72036170355125,-0.15761919110868985,3.6881737328825683
149.98116617007136,2.3820771725335153,11.32669756630919,0.24728167958813885,17.10583923597873,2.7426350966578417,3.797962997490889,1.0045823469434039,1.461486305454984,2.259388531032024,0.20314859959963635,12,3045.07042278121,-0.10293000092379383,254.2806406410345,774.832962439515,-0.09862193096880784,7.120570180566596,2071.496960177361,-0.15332660592493574,119.64080955277188
125.45533160360273,2.7153648792375225,10.603081783456794,0.1502120289780894,20.802855122172623,2.7783369681525842,5.6041884122471455,2.7785892234260943,0.780206972229195,1.0439935389198873,0.34862060158292657,13,7058.535341073957,-0.1168785008275878,605.5498760336442,741.6338562748242,-0.06632081595254102,10.370874668723,1349.6429670598002,-0.15250471497030207,80.21567135214775
103.3183666384994,2.565389417662642,10.778389820910641,0.25638046232139833,29.05946757560558,1.6945937141735476,0.930903427753903,2.630018523270802,1.3899266919519526,0.391535512354386,0.42939835275005594,14,8117.149310747682,-0.10486393776172734,608.771795610462,1389.2616933875581,0.07753669461336365,16.44466303034153,831.4087021424341,-0.13527228537244398,31.362931435055252
192.21702292585465,3.031178439009058,19.07936353838624,0.016091793473080908,18.516601469129377,4.499062967598251,1.2014915694831754,0.6252178123958267,0.6215816147836585,0.4900884705869505,0.2072541046339161,15,1370.3734801337903,-0.09038663371396426,110.32295374406769,228.6873545154184,-0.014469266825682059,2.1623594500129397,375.9739330612217,-0.15314707493349897,19.473657906123147
18.00899433472121,1.9327807554578125,21.597863414390044,0.2709822954417427,17.50669736334614,1.9147341137696445,5.057761971774601,2.1359320528028807,1.3262356428099742,1.605565741091589,0.07074219118642822,16,163.39090338807048,-0.11807027932847078,11.501500733146036,95.92656773125907,-0.02458909177473789,0.3311285706586021,59.35656260534583,-0.16151522151846898,3.226126627668387
17.352921574703025,3.3265079458971774,26.692168498423754,0.4640034319070284,38.635013691721554,4.422544519237837,6.159161204092155,3.9318677966766327,1.3786330879959214,2.07933355356377,0.020295014755301287,17,3680.0038883730826,-0.11133469760237623,298.9076336963729,417.03112313983286,-0.1206136573305533,5.390963626684047,893.0052006287291,-0.15043484815595684,54.26392830280969
62.70758043709491,2.042780221066008,18.109892450510483,0.3335868993670226,20.066810555649806,3.7392117392501327,7.180825128340194,2.237273316669274,1.3997151681312772,2.021836912036476,0.06744892670146649,18,1774.3018630915178,-0.12708455078911204,133.8694750093277,297.27452073135544,-0.08675572876568427,3.0051451904154485,762.8126271037769,-0.15277811928266694,46.1591917618943
19.105452492386,2.001506729738132,28.885953079180933,0.11528964181083817,11.526515917440886,3.3510879804675953,7.129607392915425,1.373033340744337,0.1673554546773686,1.4090729975964804,0.3503272258271263,19,101.82410080918531,-0.11491642371465623,8.614347843205305,97.44594992394346,-0.13152648324702682,0.20641180728624384,60.044306804131665,-0.15347265831311252,3.381101898719762
120.34579229156681,1.7323666236299757,23.106332847870256,0.3049089497805554,38.37719821881488,3.4175752723956507,10.433583149085194,0.5176864468687314,0.6425381817655883,2.79672456976463,0.4768677771817186,20,3497.7110001432534,-0.12242193618683068,218.64936060524178,2039.523029426657,-0.10425065779715294,19.728563568784747,7082.733561894804,-0.1579968860751405,412.76268335550037
70.89043071419539,1.901552129924411,13.977210839910438,0.13126197870725875,19.538611719124567,4.691870311848843,2.6821201308666223,4.392747875016145,0.8862656337497687,2.503193969490817,0.1756356587093854,21,3495.0808847903913,-0.12094712587409985,300.83637552069183,433.4327654093323,-0.10192096777940642,4.235704330915985,1060.854864313574,-0.1508720337046302,58.26923435385122
49.52824436689781,2.205692120504307,28.70517214916664,0.4336071288030798,37.45480653840673,1.1676204245219297,0.41120418439608997,3.4366045027164813,1.4770182884685878,2.236887376521892,0.050350848992659784,22,2055.811498149746,-0.10241645062281779,152.85734891600953,425.616570880073,0.028282653342453324,4.855972172489654,661.3476075369294,-0.15910957378593782,37.05971354837976
133.6541304483587,2.039173376725517,13.493612746337575,0.2011691006415665,20.975941590466313,4.896885447151648,7.990132382496762,3.478511971003402,1.6732189711535117,0.41652671491579973,0.42626375704839264,23,11013.46190814579,-0.12720042844049925,859.0265389412554,1354.4499992721762,0.005989355002287742,17.88850407063426,748.306250015002,-0.15983261296059573,40.107134076183165
29.125131000913342,1.9170957828510062,19.96448191943593,0.3416563239859155,31.937955212489452,1.3378689327939572,0.6455111717901126,2.056737244433256,1.8663270450065752,1.4448694699743816,0.10010587637895042,24,1041.3379049936514,-0.1144352462674867,65.1701807759233,300.3137786541912,0.05029130215748213,4.070498051897105,322.30969300335187,-0.16587150697150252,17.125272599037523
178.95554025181602,2.2974360036510766,24.43446408865116,0.3613925044547036,39.2147135031899,3.299933544230383,11.303393368132358,4.506687889415409,0.188086294837529,2.2200895865487853,0.4536159737303593,25,29276.70652062261,-0.08729230907576459,2315.6935823437598,4756.211372354385,-0.02187955229338351,76.28345658516767,7983.1059568938335,-0.1518504016708309,471.61470590129625
81.00709427773667,3.1016913470738285,20.720837934143503,0.475534577053195,18.707344556473494,2.724968128077313,7.89223313302166,3.6669150659576926,0.9688804445864716,0.2540959781901854,0.2088559110057555,26,2022.1249357568333,-0.105436629399874,161.7795472136846,231.00261551590557,0.006085579465134412,3.8743385716821126,85.57592349348724,-0.14331359943223362,4.067499340243664
82.63494725140448,3.1163091200777266,13.06947981288185,0.1619595602734393,34.97024808020415,4.154994115020893,0.991131501623187,2.9114452965077136,0.7157390652096199,2.6933101871280605,0.12041476716969134,27,12267.009375364667,-0.10051373424342848,1050.1272570399087,2012.661269672012,-0.0919546067746264,21.034225033043207,5425.823011535155,-0.14038994652481912,293.8448033947227
11.403497408384442,3.1215353154633707,24.036081056141754,0.21884142003394272,18.316013304929108,4.186991272229041,1.6508533722114251,4.181232546247779,0.8359631084376609,0.23189766895122574,0.06170178631699876,28,217.2054781851337,-0.10310133132962371,18.916466793228615,94.85815002243632,0.035606900253857446,0.2379263472850267,22.109428723624173,-0.1058162518227184,0.47495980374786945
72.55919971249817,2.9310865710326226,24.136927284134096,0.03829284723205679,10.014126602183147,3.2484546806854415,10.880102812650309,1.1705988161288092,0.36089659397313834,0.6076783889453847,0.13026244928974018,29,426.6032902086164,-0.09605671196242678,31.579469203952357,110.70820711782866,-0.016265707518280846,1.0061333604179774,107.93949540514278,-0.15476970084112124,6.4488687055431955
197.43884110998877,1.528931211213222,24.27914514878076,0.22908070703257555,36.315876776980886,1.3058183567628023,3.5173138664025148,2.3696820024958734,1.7201991869914461,1.1980236597033738,0.4896421509797914,30,5857.60229891944,-0.12047807102374997,383.6960280161428,1588.865565063094,0.054558370027851806,21.580719475421276,1488.7194782133245,-0.16719291611971035,75.98795230649989
6.751825385866859,2.872154951418127,26.823067912532785,0.30651802857623517,16.04061381269767,2.60754411965766,11.147253335091794,4.101666297875804,0.7266178579621276,2.962494419543653,0.3930398119760782,31,78.86826543651031,-0.09162989097280724,6.217835608396439,96.1266980938467,-0.04800465797833062,0.19902266500943794,34.72836027246366,-0.15426487969454036,1.764243407514125
95.84991410845844,2.462025224079242,25.541237491429722,0.47901633025101986,26.54060451422427,1.5008695012402558,10.67821209435419,2.7017146484633128,0.9992274185142589,2.877027924906258,0.33045702192607745,32,2494.420880369319,-0.10445915933228353,191.69174523563507,534.7761829612115,-0.0395274743647653,5.064935728532988,1322.7001183716538,-0.1546005204688114,78.84562538860007
179.61228121422678,1.5755703215234127,17.314371866145553,0.2759634237021428,14.234885491079332,4.750081278131291,4.674754964648516,4.224394794607437,0.6077579696184402,0.9854739166982925,0.3650107644391692,33,7303.830891390262,-0.12775824294065397,620.5675265055652,716.7927226997481,-0.07477800460103141,11.481824187357063,989.9753758895331,-0.16390176088441438,53.70366791493433
47.08287843828548,1.6831032367290009,13.799910473047424,0.4935443582159071,38.83968614167319,4.392780544205293,7.813122253569099,2.1425901711065,0.23518703291350138,2.8508929003773726,0.1701214232246174,34,13143.995280101324,-0.11762224925782439,1083.4564324325936,2954.485703541388,-0.13927163506167245,27.165957783830333,9791.641662202368,-0.15391482518935415,576.6950135640665
3.9558445342729285,2.7452225089398237,14.649414164651743,0.47420008733851976,18.247270892131382,4.048824454969611,6.92284394167303,1.6360294447040356,0.1794372198002572,1.881146894443712,0.4092338511739668,35,107.08954091744985,-0.11244527598956275,9.340703305680416,98.46948031823992,-0.1482806730999084,0.23925433326997683,66.7363675708235,-0.14972177497414513,3.8818078600813646
24.131600365136602,1.8891063822713088,15.163758870047847,0.4283338748161959,21.817444019503913,4.318559412163317,1.1843390402349327,2.8254500981390405,1.024561048901318,2.418591943970639,0.1870906129421065,36,1063.245249403079,-0.12009999817528991,91.35020157547706,193.53857705127072,-0.04466376530891897,1.425179822526248,482.5489989119364,-0.14443052337584394,25.655263049977943
127.07226801861135,3.303782005230097,26.22463522417832,0.36608128898310593,33.97176285568289,3.508621527152759,0.7669641136350172,3.397905242716257,1.8193794698895929,0.8934500912274161,0.3057109928364335,37,8410.080819493382,-0.09602893153668805,635.5566602527774,1075.4489761887967,0.04702581890166142,11.500548319294685,1102.2272030480208,-0.1488364067844889,50.732477792006875
56.50309514488449,3.48969771578831,17.20298347700997,0.09416421184026634,36.78577629647817,4.925304269122251,8.708403324281369,2.5250519473832016,0.4537878665513909,0.4970837976934551,0.05613474220519075,38,6962.752676049925,-0.10546693426686277,580.5237339417769,760.7202667446742,-0.04319317876938764,13.846625644379902,681.6228047165669,-0.15153277100823184,41.70512636095186
116.6122422808329,2.4295006109462443,27.23163614573367,0.005486596769629919,38.999188582529605,4.642832779359458,9.817311721839262,2.0786617284373614,0.5662604681946387,1.5061538616650298,0.1252102883363922,39,1529.2311932329903,-0.10524243699526456,116.13977999211893,271.0625583534367,-0.06344883445645647,3.486755139163583,556.1689484374131,-0.15504303529548324,33.52810981642709
169.416556975499,3.2931221427292208,16.26345402649518,0.3397418884289768,24.838581174924776,2.4701458540316406,11.187150475891464,1.380310782784377,1.0038172177142175,2.2755091937610903,0.08863579490460437,40,7193.922880528361,-0.10282841248912607,482.24520951159155,1891.6096460717904,-0.06262919231925214,18.006530412095987,4921.860706212621,-0.15276184811881294,304.86306085685396
172.69121122018777,2.4112903005718205,11.428123378383901,0.35615232847768274,14.430315218474501,1.521039237329302,7.763490410501066,2.035135689697927,0.39540296737686176,1.8559660394060662,0.3448901166488066,41,2775.3119276614734,-0.10125076419071392,222.65377696713182,522.1279858357959,-0.07430083274305059,5.825514610796853,1295.1650508822743,-0.1546358558635844,76.28802573850639
123.68727763531788,2.306017747558677,16.826034854341525,0.1999480615842682,21.193268804479114,4.271085711714528,4.3635109992510515,1.9229308713866,0.3005368679692745,2.0463055326972364,0.40449142932450677,42,3477.648263102359,-0.12307811159019046,315.9013979066419,587.253772424653,-0.15611059075447623,5.61653725483601,1980.2742432161149,-0.1444218585345015,116.64453140278421
147.83331152524545,3.0027413439368864,14.447413267509017,0.12176351591371003,24.641534116664985,3.365148447246907,2.604708653795134,4.786128505039425,0.5896255106349859,2.54015993999667,0.24620151907735577,43,13494.803429047977,-0.10928003590786754,1225.8706695082012,1493.8391860955492,-0.10391847694399495,16.511572543103064,3670.836514719883,-0.1443214207724364,209.15730593666856
114.55135911938858,3.0178290527417175,26.32950192087124,0.4894252267953972,24.00495032328348,2.5943862506738165,9.013481368472753,2.9019274005747553,1.9406881695604579,1.7955253044850263,0.08029275891475028,44,3966.2535468075976,-0.11238073800801254,288.35954901068453,627.6735797515173,-0.02403764785184548,7.600802287633749,1082.3137438971191,-0.15321419038150944,66.55223534464163
57.4662336202456,3.4180694422435405,27.792496247270694,0.06525417975725929,20.70423041179588,2.9133569831769597,1.0698667603274943,2.817320945124381,0.6829710954003917,1.4558795452003948,0.033885090358847625,45,351.9939573146826,-0.09865597262723988,30.314059250454903,98.02497362458465,-0.04120703644039511,0.4183939005765911,89.50038289515444,-0.14512563638128315,4.851267629686474
50.58712276909748,2.0634649286131306,10.556874119595289,0.40022500347761275,28.27834631825536,1.8588118881939104,1.9495291929345258,2.6051409259264173,0.5322845127892395,2.9892490790831565,0.06909890817809278,46,3965.233305644552,-0.10838119444798767,335.402040114842,808.5052432390222,-0.0818154775385616,6.697168713989218,2411.0441498943997,-0.15035189465369728,137.06740532517404
43.73129433129031,2.255957137746857,28.10712444773666,0.3530899931565514,34.01801659451521,1.8141980939456261,3.2686503524176644,4.760492401267728,0.9018461221620521,0.8729592585501014,0.3045274072555998,47,2439.502894893764,-0.10825628488170541,207.00794910235686,284.586408826742,0.02917248091279824,4.057773056365922,266.698689519915,-0.14977134711368661,13.534520654291438
107.83106481852072,1.6234686980453483,18.29593323476356,0.0860947600929969,35.275031447397,3.7813986326295375,6.248634521764714,3.8590121684189316,1.5808935334460252,1.9991692945837585,0.35638040675826105,48,8696.275722068021,-0.12969010921181603,666.8200692326589,1199.0937428362722,-0.07026804936958653,14.402683061749197,2321.1473086163073,-0.16106568971597093,133.55224547345796
22.312018747719723,1.5990858069070761,25.323833852936204,0.07715179767081473,12.392934909260461,4.913124592962101,9.435456756970924,2.438628216414168,0.8058001743354263,0.7027999906744002,0.3124360428077721,49,438.05363641834595,-0.11368051629796837,31.6782620695119,109.97452681647906,0.011942486142678666,0.9967977063273814,70.33400444484141,-0.1594880183348845,3.8515774958675486
175.17073343309343,3.0964043921210367,29.599426917916325,0.0813065794387828,16.91080887206094,2.3102546412860026,8.264836188011525,3.2825374416678907,1.7287396822165142,2.7061451220135333,0.3390948418606166,50,1362.0239478228168,-0.10313743902805024,96.60589660566208,237.50299282235645,-0.0667349156808967,2.4076515774457,479.67488283009567,-0.1547421352297881,29.088486573328776
119.12949823313465,3.1390979662273324,17.160342445433333,0.044842032876334446,23.708939108735535,4.793496255048117,8.548632037996974,4.632155037471651,1.32118391909377,2.8039570782899497,0.03638713117347871,51,11600.125118570992,-0.1086056857827787,928.9662076226624,1623.1409753853964,-0.09344294203671732,22.184052682826017,3365.828358273825,-0.1516331037893697,207.75615386584408
16.294067672443127,2.775674481135493,19.824420500076588,0.26523189019356125,18.673387463592615,2.62556226713743,8.825342520304503,0.9304487994100397,1.851275896964289,1.7401722333526095,0.4626058652849968,52,204.07604722724307,-0.0930719442970638,18.719889336946462,101.40474117898519,-0.034639541047845286,0.5938838289155753,96.76050787565234,-0.1586507913946686,5.749716528393192
88.08007321368129,2.6267952700920896,29.95638624034713,0.26359079164923566,15.975697032798308,1.4293476320311058,11.693730274631813,1.5601926325069602,0.6633399646856296,2.628215161258166,0.3126009980721054,53,192.15581946322527,-0.09596333817603325,13.777675567743682,104.5195163237347,-0.06948412694185062,0.5386792543130785,151.4807606476384,-0.15672090927758336,8.907165935429893
164.85137660459833,2.027686275894594,10.182276161327083,0.18968472124475952,36.189914021286995,2.1970556225926385,5.522415224396395,2.6436909318260384,1.9266021086017575,2.774108561851407,0.099075029611441,54,20917.893199722024,-0.12103787890993385,1434.1284714078672,4182.429087262087,-0.0612978183565353,41.32560120932643,9602.766495369575,-0.1575108167139371,558.6757511810035
189.0859142520695,2.651703411936585,19.65420790349507,0.23602039167057753,16.177529984332047,2.436263186916402,11.52649496648849,1.6113328861064433,1.75753371264477,2.7121836751650235,0.2595530769664946,55,2428.8527152027837,-0.09963329949397642,175.90703322232147,727.9496918851228,-0.016620333490438812,8.660789364896953,1443.506459387383,-0.15967492179057732,86.14482655673416
104.20920408247387,1.8365786328504052,23.443666748933886,0.45721273247056704,16.826910886691014,1.4804229603267287,2.2738220039337973,4.874772858085069,1.1243195224166658,0.21727092383008345,0.23504941611335675,56,1197.4326028618857,-0.10268696901278045,95.133915868156,186.6477752325743,0.08737440745340351,2.2801298362765596,92.41077572450536,-0.07166316460519669,3.6637587588813836
151.8810540886544,2.359415388567381,21.056122306789007,0.212129832894487,25.020749360517407,1.4184961685862405,6.375447117559438,0.5773359181746274,1.6462677318491916,0.7320304406019306,0.07792822826023198,57,1411.1396035345547,-0.10145583628246171,126.06308218993252,415.47002118547226,0.03445683861038294,6.174887766176585,403.3194201530591,-0.1683997780099478,22.778005988369753
198.26543815272748,3.2701786095917518,14.257801721580755,0.11340164333612564,12.775111177930352,1.6122875948108384,2.966894736795261,4.537938251437477,0.15476748914545224,0.43157861416040877,0.16551755135381205,58,6524.550738068679,-0.09586676883828639,579.0313513273938,655.4307061963284,0.014687108220061364,11.924874033741823,393.5281722223753,-0.1270076403223335,18.6454043454932
110.1860515051267,1.5164386512008066,13.246598515298123,0.31861254013713497,32.777649568007824,1.1955750180793159,6.842650506176651,0.5411217013698331,0.5805712291436406,1.3124429645966211,0.21193088246918643,59,1409.8534977586794,-0.12566969730800298,80.59692230525643,572.3564008267422,-0.02904179539900292,6.943796576839482,1390.7058680866019,-0.16204010733020596,78.10313645214502
195.9495960327861,3.021282932585111,17.488038030012767,0.32798781060273086,16.685868689968316,1.019512447032735,0.4300183751944623,4.130286436015357,1.960092617755761,1.6102261200697918,0.31773571513372,60,3264.4498036008226,-0.09373358809910258,233.03217633776208,577.0288687437294,0.043744864349576446,6.663856181367121,585.285210894872,-0.15884604769150307,32.741875785884886
14.503869412114195,2.8663106544287187,15.873943146847651,0.036648556586729754,25.375114922362044,3.578867647025557,8.967829686627773,4.239069899682248,1.898814176194441,1.242572412819366,0.1144996760269096,61,1126.994114352873,-0.1080553513785744,83.4768549169408,166.05670837443873,-0.010689707943976366,2.1461018022589577,154.5423736589467,-0.15699233412506053,9.244581540792204
144.88326790120175,3.164815915892061,26.773346644279982,0.012849492495319144,38.24192310603553,4.529097888034652,9.771384577839346,1.1373686501992823,1.5098318668308668,2.647819734403331,0.11196858055496489,62,1706.0293537000675,-0.09524267458187236,143.5120041489994,473.4964278251718,-0.08559655210414384,4.852857500302639,1214.919478340373,-0.15416563089454266,75.00979715702199
184.5342645863791,2.5865353982569363,12.948091042830008,0.3463234783850658,16.541648132055492,2.9322012096577437,6.006942250038566,3.98714416846133,0.11550081179165962,1.5320575563334584,0.38187338215424754,63,9516.74246841583,-0.11018618036030263,844.3858759830234,1080.8042778716558,-0.09432327395705777,17.626388246216038,1959.8254007144296,-0.15161849984775855,116.18587885238458
168.57019730348176,3.0660636284021554,11.580825147206431,0.05483255805400053,39.467232413135676,3.053723258312303,1.415666019825387,3.124245856598256,0.7491419895495213,2.9459199440726507,0.4502210057267517,64,15587.220284478628,-0.10178918060055774,1321.8882843363244,2648.0581983105776,-0.0974283135271064,27.5043100645022,7035.438853533671,-0.1441416728425342,392.9444475801906
92.00097073132883,3.4261310941899414,15.285201551688116,0.007824803763338679,15.700814475119305,3.1006967670055983,6.835779997255174,1.4564379366150562,0.940417634253898,1.586488661338217,0.2613346000331849,65,2481.6601168182665,-0.10141789018860534,175.40830801620356,430.39283910649067,-0.11454251920946323,4.393446405781265,1055.3578151598804,-0.15130980831745833,64.32643534561814
20.40879828196253,3.0703089283703604,12.847787727402373,0.10674943986147266,33.292607696578976,1.9368398642207894,9.987034587816053,2.721762309330043,0.2632030489274986,1.8206997410553778,0.273546640218287,66,1440.47408138581,-0.0957761993668277,120.59621296374915,238.54908201899167,-0.06926854209151839,3.2173071875708796,498.22558103725356,-0.15142533267192315,30.26615915548445
34.986823590381874,2.951919211614111,20.50005187441657,0.19128645762971383,22.029511327112594,2.2383059752057113,10.536624246550458,1.955178443232028,0.7723429051872851,2.2059112176320266,0.20084869438552228,67,534.4930145190584,-0.10537048520591331,41.46676976192728,136.43330807054446,-0.06557898593666485,1.0457810914482757,292.39619843320315,-0.1520237651099555,17.947926148230035
51.98744911678544,3.47327807720694,18.416031202498225,0.03332892249335638,22.282155407787684,3.638248975925913,3.765117787294495,2.9876921405835626,1.6197372893553694,1.3818065430560567,0.3365940224505726,68,2033.0854756497017,-0.10320647364957052,151.88575539594558,215.00885886743418,-0.08665907050313373,2.2449057527797946,391.2242945129006,-0.15298009800192125,22.5987890039951
57.79939517595028,3.462759238420408,14.868766504916609,0.2887465988671908,38.75655387880343,3.5872319805914534,3.925978349572066,1.0439294330960567,1.7395264093306078,2.4369608545239294,0.13399619297889434,69,11899.140670632174,-0.0825996602900015,1118.9678283178353,2554.9061801013595,-0.12415246701229819,29.042144177216944,7037.713402251292,-0.14685212511413281,414.865500943065
199.92995097714714,2.1884120370621494,27.624556603880947,0.003608535497068328,24.166007516235034,3.4473996873569437,2.458812287093921,3.3617606785626393,1.343893680850582,0.21197421058364851,0.22899923839178998,70,2396.0021239432695,-0.11537213189449924,190.17049315984585,268.0892253667289,0.041288491607906076,2.927404073442122,177.13647975397055,-0.11296471882724368,7.53823122661598
129.2229665252987,3.433786209274345,28.920018343058487,0.17712358833272443,31.312173100063585,1.0645381869810178,8.149332812765628,4.463975007079862,0.35501396204017865,2.8287040077739602,0.01388394850164499,71,1680.8689728713641,-0.09075935057044228,144.81743258044202,261.6340041465994,-0.05443876199638029,3.4573576404953594,544.4564572087619,-0.14925278628900032,32.524746923234474
113.48999405745373,2.1456148939441437,28.211589886531925,0.2840262126683545,19.893302414228174,3.180531555299946,6.730568297950386,4.080673114248876,1.8395323362226406,2.389342724977446,0.04849394548456235,72,2118.1284922595814,-0.12129518828561138,167.06927992604432,294.51613927986847,-0.06885212008803566,3.365526653382133,611.1434727321289,-0.15463700242821002,36.66141587281306
134.84695185011915,1.548047643574968,11.14158074021706,0.07104222342148721,23.115184462704654,3.807841200448309,11.988954072927786,2.9343267652782905,1.4852375018222939,0.9362919316156785,0.2809018967162957,73,5290.397188406945,-0.10047135526310991,332.0271132916976,1440.9151568260363,0.0719154527435083,20.930805519277516,924.7636211718172,-0.15205066879618354,47.795318053912744
165.71806929431077,3.21408323022633,15.470303346569889,0.4823191710061355,25.866193582193837,2.705290796223026,8.651711131789119,4.051998698723458,1.523062574252446,0.769508419455278,0.2661616990946433,74,34081.55603754426,-0.10910118978294168,2733.369424436424,4041.479780216268,0.00235518298513166,59.51707844775636,3218.685752141405,-0.15318981150686872,190.35936366471302
156.5551722611141,2.7630176486669695,28.50222688206296,0.02644804892235474,26.78353959427354,2.5713986763728305,2.206877642125891,3.7935121553200353,1.4276059062250486,2.508380219305886,0.36208530223000523,75,1581.5938567249855,-0.10654091098295972,126.41955263698112,231.69398142862133,-0.05738302452700209,2.060320675936831,489.68115983619737,-0.15139159599708096,27.591938713839937
99.9591699335417,3.4085262271903947,25.665848076839332,0.4137479855635556,30.32133417598494,2.357255291274818,1.4433237245498556,4.5915282365145575,1.6080679498656025,1.8362801694377244,0.1393343837435948,76,6151.108391402597,-0.10019062603530292,505.33001629168945,726.4272363600784,-0.006874856323843343,7.668729800823061,1164.9046260703913,-0.15002224990434715,64.39723884108552
147.2296962917085,2.1199758003726292,18.51206553374437,0.1027293025145605,14.070182831261972,3.8403161111088027,4.44303118178232,4.371236037256947,0.46326625179596026,2.8584577634338784,0.4581207356197132,77,5400.935012668019,-0.11929724926307937,473.2437665907391,722.4189179050684,-0.1349547131396086,8.412712936236458,1890.361394111391,-0.15082085091508293,109.41536917769629
178.03992505098938,2.9290860824655565,22.196541595348172,0.2870495221455951,22.979627559143175,2.4433097551516356,10.216147830043369,3.242258317054749,0.9644370007349061,1.6959581485583313,0.09444191985173055,78,5361.169346134209,-0.10593006017509021,433.68689173412685,804.9341487312925,-0.02228490587442157,10.542210124757066,1420.1694925536394,-0.15120648319692148,86.96189478153656
26.919007849327958,2.4702322758234674,22.302397035552794,0.48693484859659414,18.88564875450409,1.268778229206101,6.542967548228762,0.7718614249982549,1.6981274838231426,2.481437400116278,0.30760023752468196,79,112.4981744123101,-0.09553034902839734,10.15398969837875,98.50859138219464,-0.03404199387173117,0.4455515178655214,88.30149748874162,-0.16004738443649175,5.059917835027721
93.0104200528952,1.7196623191214317,20.95509087684904,0.05954142190855977,29.407951218583477,1.8396005435910838,3.063486508903287,2.275339399044756,0.21008262343568826,0.26197359804378484,0.3745068015132209,80,1050.1090871259728,-0.106320753566562,89.25453845926545,140.5691481038037,0.05071219694938026,1.8719993843078684,94.51663582262321,-0.12867005167879977,3.813212760444083
74.75627542564092,3.3654698778757823,27.571140934770973,0.2304430887531232,34.49347511707742,2.6660893305295206,4.140555586909268,2.286379172483377,0.28167566113467823,1.8423285305324812,0.01573398439441671,81,1887.7404361661834,-0.10768739131642938,168.8605998015998,291.09788451285294,-0.1317080276422743,3.0155669624046344,757.8037218302999,-0.14513829934485933,45.00274543401393
91.16959520126328,2.3749060791551186,27.46599862442371,0.07945656026157387,39.85882728059987,4.705696151772997,5.938692265845874,4.940418423718017,0.3805608616226245,0.795397223123064,0.13740802805887345,82,6317.101612554303,-0.1182627601725486,560.8636745270014,575.4674993821683,-0.06976245922883448,10.686372465171262,564.1415065812312,-0.15853215141299665,32.49707475352825
74.2258613952883,2.521763563800081,10.085859791991139,0.29365454477862435,23.901714109131973,2.004657045698874,2.3521069266431436,4.651590500979039,0.8228936836493492,2.293934103316709,0.045304581261571324,83,7620.120717975568,-0.10847464638901287,672.3643363597465,942.3760813410837,-0.0346867281820227,10.992805882026762,2000.7984903555182,-0.14880373123765234,113.89880133054714
59.73445925268296,2.269834170759929,11.689167726625492,0.09509040677623674,18.00082834534144,1.394308142592316,9.659389384152293,3.602630477454526,1.4329815443350606,2.9794703511631577,0.06354065606425797,84,1510.432686853887,-0.1017170631888772,109.856172878823,312.1329607571642,-0.01492062456788065,3.1549685674518506,603.3407865502593,-0.15869948105708181,35.0624753058847
180.9552633277518,3.491151860533143,25.92015349753924,0.1929461044045546,35.42901598470434,2.1407394145440235,11.40233876265224,4.36663671977573,1.038264338671339,0.3708260507673864,0.04468640510209366,85,8163.211274454541,-0.0925580177555508,639.0282177255425,1146.1330863417331,0.04498055577475665,18.398883021145902,437.1070733150158,-0.1176589012775046,20.507559592320632
105.54218088778649,1.8992779543017229,27.86147367441883,0.3955768657631681,26.456579915761406,1.2953729498383533,3.1814893879079142,4.904829206362494,1.1514281976338419,2.5581638550696657,0.4014506005418574,86,3171.3166443470964,-0.10595528075890116,258.0053087139596,520.6477481325111,0.0170522849651596,5.744754976445003,908.9068115525223,-0.15555645079750546,50.87551336824203
187.53750245229335,2.3124359674535864,20.242349539467966,0.394862870719177,34.22831876393548,3.559375046427232,4.793254265309283,3.7413037702521077,1.0150446660359411,0.12549227223123793,0.0009269950605814531,87,36084.0852123541,-0.12042734592531178,3047.492678889334,3261.5025617849524,-0.0032627226705460497,52.15171240764315,1496.510795604623,-0.11550278585250182,56.37403345089936
75.6430697411948,3.3850454523970397,13.341860830079039,0.3920739885227143,25.673688616958707,3.4237521858553004,5.174687790093008,3.0964443130524875,0.8965350710991203,2.3220775132754525,0.16857831755036615,88,15778.478943460057,-0.1126965914797548,1360.0963742004528,2081.2755861953715,-0.1344724807188972,20.940802526975702,5657.404819366558,-0.14570322074539152,341.9340588516017
77.37463012599883,2.8365319188502283,12.550452623702224,0.06468751235558652,29.32632319832753,3.98370750545605,10.271322732601735,4.302473643746483,1.790721746531364,2.1273185598951723,0.15558774279220164,89,11897.931254807421,-0.1038462650177795,867.8565342516306,1944.1269492467218,-0.015841654618739976,25.276318553419905,2768.6332926168993,-0.15462674427287193,168.2616047919482
150.51470071825855,2.094013555575534,19.330248028113793,0.1662902195031428,38.04814711716347,4.234254993875226,2.856050424476705,2.5638390528886377,0.21862325414296252,1.6842726775024734,0.38942548278384465,90,11509.437817608232,-0.11764134792255931,1037.417279141544,1483.7444111963446,-0.1254654380990413,14.608667695281992,4106.303263666427,-0.14664150323003947,230.44313430486798
196.11739386381376,2.5161966852596986,23.36728533946849,0.27457136731209697,27.453800918729183,4.008040955963141,11.2254421059654,2.1783777712000445,1.17217267791908,1.769356762852943,0.10286282563666263,91,9264.225343638322,-0.10526745844349525,638.7411877253832,2005.2274773253437,-0.006650831628759694,23.839132836929004,3525.365696360709,-0.15538974543557194,212.73967626399588
30.799113637081764,1.5630395009806262,10.969970713381075,0.04187152004864238,29.73528545720556,2.369597268011021,5.227539831172113,3.023030570560776,1.5427405236250846,0.16764033742058448,0.4736662731578459,92,1019.8866956391128,-0.12700356156409312,74.9477997897592,165.49740070175062,0.047631519861204674,1.8662385936140875,74.1817851933365,-0.11243373463760853,3.0253819086952887
64.0087160168641,2.5432154568224092,19.5778151422544,0.25865302221459396,23.63856749741398,4.5630715955817225,6.339135456387952,2.881020364641864,0.3696049087574058,1.4290692938663747,0.21311314743255802,93,4073.534663271315,-0.11963952775531064,366.10559660582,451.5451422375083,-0.12354682279160141,6.371217681899011,1080.3818636430244,-0.1492892651545758,65.37149459286877
107.28900898690034,2.5721918921647866,16.915045401155748,0.0017434200726484097,27.6488130114725,3.9182657036740394,8.36886738610579,3.737522727659127,1.1860773983549078,2.3987083873210837,0.011762913446565838,94,5430.894219386038,-0.11103132959249115,420.7033251276669,815.6736719705409,-0.08202440387495949,10.756561384457443,1692.4265098738063,-0.15465854461849696,102.33703353340861
122.86935473360536,2.902407530712143,14.073462109193517,0.4711206308863844,31.644444944568022,4.625702448008304,4.9351461774329755,3.2127142529891906,1.7798319476554931,1.1485987209813848,0.02646024492228184,95,60909.64742775162,-0.11472321448314618,4661.436014817526,5764.47242783679,-0.08931718451778066,72.5891897605397,9688.916686520624,-0.15715559786685243,565.1039031315646
124.83941856119858,3.28613828255809,12.428472008233793,0.337487037232074,29.530872968951954,2.512215402664708,11.002423080172942,3.404519447793152,1.2150966314818175,0.548571127429159,0.29963036334267296,96,29097.750133440062,-0.09847730851009602,2209.072280443755,4359.30539792464,0.03904572736038727,61.475980073062935,2434.2600660842577,-0.14471020594351436,136.1936751213361
23.121477538256602,1.9230134263251473,16.352954205528505,0.13658442443267316,17.750530488302704,1.6559848943302413,9.929508754884775,0.7126106337982352,0.8744591168629818,0.2905336117904799,0.07322038903545615,97,110.82814166669404,-0.1131733564413044,7.743786198817902,95.67953029980079,0.06241268099258353,0.47887089904044805,26.22118275990659,-0.16942417805398738,0.9547232042627422
191.17509805430944,2.633573696235021,11.259091549148142,0.06944749088644533,27.813330931371013,2.1646907030088256,6.618884977113864,0.8859488971240511,1.2530574073962648,2.342254241517432,0.3418414327327894,98,5354.671315819857,-0.10384336256541836,439.65822531203014,1562.11689388718,-0.09892559663774732,15.182262481263233,4419.231125625102,-0.15323673532310048,264.91653613658616
8.623606932153262,2.618945114977188,22.298214429631784,0.4993026013866668,20.37073080574578,2.8087597920584075,0.49809072534887255,3.074028461694188,0.8492229391235497,2.9246927815675403,0.2409991903379091,99,124.97426302333106,-0.10823046650303474,11.414059826516883,95.244273184224,-0.046680669672678365,0.15863391156705378,65.38600569564963,-0.1403891772150327,3.5015323347688807
62.26699756997492,2.1245327991650016,10.438747837903017,0.38234627864740267,39.82572048322454,4.253720997390118,1.8752030012303513,4.146749255005814,1.598587645800114,2.884475744992717,0.1839615970853354,100,32115.658911668143,-0.11644340998659652,2607.620844635136,4838.721010239979,-0.06427827285848518,33.871951679826665,11050.21938981304,-0.15019025581695042,595.49072321346
85.78077945987646,2.811536018325378,24.84794170748059,0.01916078385081847,16.397384973286798,1.7127414776798242,1.6154905121410836,2.115482304250434,1.3464177388902907,2.453461149262496,0.19895247343437014,101,471.67546158022975,-0.09975423087812904,32.603303038469726,127.66772596825017,-0.043040593848113234,0.9234860633977434,226.0485063651944,-0.15473588827761664,12.909632362750868
128.2761661335893,1.9441840004415685,17.796154962954105,0.08779619644304261,22.68763417900918,4.4159689668965605,2.4875136385475094,2.7324242736978794,1.1117896967417127,2.573131271931149,0.3679720910511891,102,3870.924004189802,-0.12339960836728844,314.5085940830618,652.0491726545863,-0.10514819444785987,5.170186799904832,1808.338977675487,-0.14905553037401503,100.07368070820691
36.806698387199695,3.204398090424805,28.352187643468888,0.3224397438509197,37.67956617694046,3.6895589316147968,11.9115876054381,0.7411879165088961,1.128097580251485,0.5657361370332663,0.09514307985038316,103,946.938220693543,-0.09352801704845894,78.2479037693189,256.30434385621646,0.044441546725148245,3.6903689976327225,218.1286907523049,-0.1609286182937025,13.105219601455916
139.57706255361606,1.5545891577553834,24.322517766610552,0.21474030520605908,19.051289040781846,1.9430722579812127,5.876156249966144,4.323491002815204,1.1550651235757419,1.1826225051765753,0.37540485392562406,104,2014.2267608812006,-0.11593837711009558,156.38305147850474,295.0486409077316,0.01837975312212955,3.8718373801170762,315.55833219763446,-0.16272435472263821,16.733627101799367
39.007213206076834,2.0184358838476255,27.99694585837256,0.09110578531766973,17.49854824964894,2.8384370490031,9.322966989766815,1.7321322326716402,1.970354411468133,1.7126200849821165,0.494559780902627,105,344.1348273062269,-0.11482125952892774,23.894990737805273,116.14687787875496,-0.0010528714329528645,1.1450217980845991,128.09638546730892,-0.1627201101252535,7.447744310284897
137.17194785877763,3.266034059574876,11.030595662415065,0.1799616238340441,30.579787549529698,2.2895251461717345,7.039242932801645,0.9101672606749742,1.665057609943652,2.936234948669826,0.32361518223230057,106,12690.500707771766,-0.08907646382377594,1172.9322819289416,3699.359760043977,-0.10535338707401509,39.06292670070485,10396.160982059757,-0.1509100425593082,634.3688159620135
160.53050223246495,1.8020240459312573,25.8245699742995,0.24468776903330627,10.702374325596246,3.97380803909031,6.220335865873406,1.5847037973185505,1.8952770071309442,1.0994905769550427,0.4806983870304843,107,2198.080396464829,-0.12354473297500339,156.51663630384755,360.63975829377006,-0.0419716488956537,4.42264496938616,569.041712485695,-0.16593400732815872,32.56489506114389
33.40212585841508,2.197115580415968,26.021177216346633,0.3103490591354478,36.90534828299505,3.5367495148757557,7.976741619109468,4.9195648092198265,1.3092174493674837,0.9179678520318139,0.23247951929124408,108,5403.4581963418,-0.11586473381239423,434.27175932831096,646.9724627985969,-0.01160957982968967,10.414576130283521,543.4106024081754,-0.15858096298940605,31.169181368505132
133.19981614504678,3.371309213121465,20.079751083568077,0.0992453019599466,34.349530194339664,3.883395999475454,4.591213804022759,0.5603686014479552,1.0990960080614898,1.2812920412980784,0.11578473342450497,109,3596.4133531944235,-0.0806273062216751,348.9291814052229,699.1798852327421,-0.12369939803739899,7.7180799722757705,1898.9693120340864,-0.14849596270695647,112.95400592260954
10.912088176226767,1.9831096150992076,16.510189415731453,0.22007513644690294,32.296337862785194,3.6744381355902536,0.8464644567573539,4.332219126666512,0.14547578158627034,0.6347484003524623,0.41267962583871565,110,1049.9378897456975,-0.10149898139448602,95.08776621624666,123.49218889865469,0.060022547502291315,1.283874989353663,117.34777467295835,-0.11923640908371953,4.572997148377846
43.9184241368234,1.818008841760851,18.75297456661825,0.22552988652770137,35.96076957135401,4.618533409761626,8.065305963762874,1.0872300456855473,1.2108043092191454,0.8617054600945664,0.05449204272081291,111,3321.4926726421327,-0.1262155417027961,218.37618243765482,637.3495809173213,-0.028373267778200203,8.81953303154773,1034.5950579341898,-0.1616367618793738,60.860874562233356
21.199443948322035,2.725643926803592,16.645511784241176,0.48334751935150716,29.833889343687517,2.27306878418019,11.04130988349875,0.5901656510693976,0.5987387611060492,0.15365384397903262,0.00581456339534538,112,726.6182961400459,-0.10565917802329469,50.4849194160284,175.76250316854924,0.06100567992546865,2.4442347527535735,82.39760558368263,-0.15862262577415343,4.357260473399674
66.91483627844741,2.7870784389440146,26.407407055273872,0.3151127868642732,10.767179511030395,4.672287722130704,1.3070858069551312,2.30294994559309,0.2320135273324778,1.1326371575807683,0.48577114905624436,113,554.0000596813301,-0.10343388710699909,49.8315498508274,105.83363874687751,-0.07330886084296871,0.5952728167463657,142.11570099292328,-0.1419910371433484,7.530131797659599
163.8704569451907,1.7777947754077132,24.909778799744544,0.18086619663851794,31.78970675659293,3.3281733875473343,10.753174775532125,1.5413137573130073,0.45147182924945695,2.273660270925162,0.4321219802828402,114,4125.484571432606,-0.10355414644208448,299.1792168563151,1079.8445559606628,-0.07022864880843731,9.694459478575883,3220.2772462442344,-0.1570931921063171,187.6834224941018
174.27928938035697,1.7991634801953817,18.687457513985557,0.32539380835329373,13.617323509549802,3.015486718023661,5.395239951496414,2.8597790475423266,1.770199937298768,2.674479690832616,0.029812800295941994,115,3874.7052847241553,-0.12579790386448447,273.531695288178,688.2185536820188,-0.0871877263989697,5.929855474665455,1660.549653331359,-0.15851344182410398,95.68476082929404
185.85390646282042,2.6610328347910706,25.121093438848874,0.12459767432720428,26.83104777394613,3.1795119129165683,8.938979230292155,1.7133678603163407,1.5287923553752492,0.18170341564000858,0.2699759711434012,116,3666.7683858882756,-0.11079586128882431,251.34762778379954,583.0707287616523,0.043492161649048795,8.185990503913573,204.0631278049364,-0.15119427800150056,9.359745802870002
97.42577527563432,2.155621707337376,29.3385167737356,0.42226447963228564,37.37338977862462,3.141719647002219,1.342451042604431,1.4766976199621458,0.9824786330520295,2.31589733618595,0.4707535015918005,117,3409.5245809088747,-0.11292150816778511,244.73688505503628,868.7144154600824,-0.07362384842727127,7.155192209387759,2325.118415688345,-0.14945684335690382,127.49259671146416
154.90458199328233,1.6020236336479523,29.193690728813095,0.2243540365818288,26.331262629858113,4.124403157823046,9.295071599797543,3.816392779709575,1.0889129047132329,1.2271356761161611,0.15300494759422195,118,8201.11722213331,-0.11622646464896048,622.2234454991142,1272.322128510239,0.006352000806678883,17.177719073326994,1466.5171143188118,-0.1573014911203979,83.83991078601522
54.737277884011554,1.9683738236234507,20.331832638762904,0.15398803210103343,29.040381115301663,3.7752109204545974,7.295656361658095,2.493682907268078,1.8094543998029864,1.5527925669368483,0.329044472271264,119,3272.0929894064548,-0.12567206441840564,225.25951157508888,510.2822941458011,-0.0477435092019945,6.017931014949782,914.8251936461443,-0.1598102513769208,53.991756240545584
99.13904148761429,2.0886545654805566,25.73964362353648,0.36801999518427114,14.914588508500987,1.7808030259909413,9.203706110252874,0.7498265667737574,1.9061774115171886,1.3290202170902885,0.286442152396244,120,455.7722736738305,-0.10391163824556349,39.326558506912114,161.3546018373512,0.02064160977746405,2.125128913429419,187.23587855691505,-0.16727780451360294,10.777385933642636
64.96183069858387,2.451978098472592,17.874171641051973,0.4974189825649937,28.814353918203615,2.874770214253733,6.688565505400721,1.1267953732427576,0.3263343098093352,2.4654586569871544,0.4553494689761747,121,3454.5653390749194,-0.117821926743987,285.7690425220019,1110.0625602218954,-0.14772067034039507,12.029463372254499,3803.796108756944,-0.1487717222328134,229.37157340327542
67.96556121093973,2.368513346494022,29.750251204933512,0.16413230531641002,33.403667626132304,3.7525364996556845,8.32248945323056,3.6089415627767605,0.2513924139154652,1.0120064535822084,0.4956586232858923,122,2919.4023299322184,-0.10913084526125852,249.72819158001792,346.8941261169438,-0.0501666700124978,6.082896290677341,449.30713298843807,-0.15278059398104393,26.85422093038758
100.507469497636,2.913029646288373,22.883001917915905,0.1291228726253357,28.363746907849915,2.5571796572111545,5.7753064158616425,4.741941274048855,0.31519334474300975,2.753699771651764,0.35403379121182454,123,4504.440797027626,-0.10963156948381582,404.7296875143938,575.2576918529163,-0.11354628027937777,7.693230676661728,1372.1803798156943,-0.14835061763575055,82.39944225482074
116.22716001061748,2.738743342563348,17.523128053968684,0.05238905814261742,32.380084370698235,1.0827950496721863,4.823646418955588,4.70395972898866,0.7015636772981023,0.14302889112029604,0.12358444756830649,124,3183.730906696922,-0.09308959881291164,263.11087730656493,417.3595715543001,0.07255875345641133,6.599629151369071,165.04561448395944,-0.04891204820080075,6.311645562553177
53.220159646044365,1.6108444432113989,14.117312784642252,0.20767955535125723,39.26399063579865,4.375121862954257,3.648445896358577,0.6402636384319702,0.7936575081180267,0.7600439891637383,0.2840489231407758,125,2488.207660459545,-0.12879075482173058,170.71653665506875,507.5343585083707,-0.07731581652698524,5.230141329598604,1111.2020799564505,-0.15985841393360098,61.569851487710864
183.5238720424692,1.999891330026836,22.94829383894718,0.13294376645609243,33.02579153834397,1.4613311771391035,5.43834081895585,2.1964137462513333,1.8700770619958333,2.1938417543233606,0.15968578591322702,126,3775.984160725878,-0.11693663517369837,241.70912724636528,908.5837075883535,-0.00343998614460368,11.165021461357547,1594.283127187493,-0.16169038400473393,91.17353694192879
94.06375674253927,3.3939183770991006,26.188217507032896,0.29640668102643714,37.26306560194659,3.1347559511221275,9.402715068635315,2.478925618606528,1.0594867903926133,1.3753214801111253,0.3861848318440952,127,6134.74355983243,-0.10293220332441648,458.6126555545115,896.6805668872101,-0.046865026995577826,11.62696419290992,1529.0476821395987,-0.1530400517065526,94.32716793489993
193.22697702781102,1.8571776023600364,20.474882077966704,0.35948251244739904,35.69960154954195,2.694702588550393,0.2201888396809506,3.3363460475896396,1.452869942684698,1.0763298653346542,0.2951314399758076,128,16405.115227466205,-0.1072317730253614,1264.6148060424027,3375.503225772308,0.07350981254265106,35.86392535556691,3230.4794633340225,-0.14867788461598713,139.46076548196626
87.27669397532931,2.248973021997541,29.05719506256412,0.45819909082275634,29.984296840399317,1.0310916957403167,2.8806436586985407,4.825405601336292,1.2307520581534577,1.0157539026792097,0.28830271406602964,129,2897.494826039856,-0.09825184411913873,230.52058734422798,466.340194308577,0.0694704681974641,5.76149777823511,366.9691503493254,-0.14490107455706433,18.31051256242134
156.20669560312894,1.5346955581127582,17.902314009458195,0.301966624281234,25.16044609548871,1.4482514313854735,10.815473640548868,3.5165035794807835,0.818937397254198,2.133955662787115,0.25038490895644405,130,4748.195749276148,-0.10064351789443628,358.7087651383114,939.7063873092801,0.029496800685963977,10.458540051227876,1624.3351025750515,-0.15770594194127296,90.55197308094135
138.46365097258203,2.85981387101253,28.481030255527347,0.02760403543465473,15.445289108716374,3.022759950346958,5.0131738952438685,3.324528516904009,1.503597220105984,2.0300560292610714,0.2251551577663504,131,1509.2967297183595,-0.1105740266181535,115.27385098136503,203.93428245024646,-0.09579175969037657,2.153294023918257,410.9965820464099,-0.15387601298151024,24.233566834119575
38.64771209676263,2.648523823179303,25.278083835451906,0.4274626167418022,25.959172227690814,3.277767309061257,1.779155240433606,1.2596569733090899,1.6544236905116063,1.7667553597313337,0.3843413080442547,132,928.7179498077668,-0.10340521890326189,73.49085086726886,208.09905021021905,-0.04496984556639345,1.7702674537694771,437.9696008359352,-0.15106809584403463,24.26288829148565
120.89393539502711,3.1958244474153936,22.4214326402855,0.10856975803420338,27.3240508114406,2.3983764638706138,6.532371537526451,2.510181209016089,0.6412902113012016,1.3954648533137541,0.3255909010884589,133,2701.034393078057,-0.1084047530054215,225.7199037544534,347.00986504152166,-0.08801191191031069,4.52708586498957,727.6875317186472,-0.15070814590726342,44.06936382280214
111.20412076713922,2.8930833320395286,20.193290078241326,0.41623376645109084,13.390466073600809,1.249646068738858,10.724386201593969,0.9624919559523535,0.4955458792500239,2.167238426593725,0.22448614257623972,134,381.9952126809167,-0.09655510972963115,26.606848192388785,153.37383237027558,-0.09275220567958943,1.4019669855784014,374.1777470175807,-0.1551027226956767,22.238994679038864
37.64127251364034,2.173941257771781,23.912727619832907,0.11056398217051053,32.127837196373065,3.097860620390726,10.076464577085881,1.8467002551007414,1.414397984999497,1.3598758380147808,0.46744511436446995,135,1011.7674571002623,-0.11337059629931427,64.4222017623888,226.35708325321826,0.004361649572714701,2.9414682264873626,324.01882210006966,-0.15969412380825493,19.178279836138707
171.7784869285167,1.8414778337254218,22.587140908674122,0.2620034735846068,22.47066903038917,4.991957120664124,5.150788712164077,4.454974589807496,0.5401742353847647,2.431995191636066,0.14849235016936957,136,10950.47524346245,-0.1275433647683119,982.2530392885693,1215.6811562424436,-0.13684669487294088,15.218681310056109,3352.3285188813393,-0.15074247589949633,196.45589423826374
143.17533056920718,2.8819766698225466,21.821453897256013,0.2779299008798426,12.028100860370731,4.179170305879509,4.533212450405377,1.6557486886609838,0.15755387604604612,1.9638806861286582,0.24372456064023115,137,1792.3128939922472,-0.11416510259135952,159.94654271552247,377.9537366445525,-0.15739474546282645,4.219333873884581,1081.0036121458402,-0.14515638652395949,63.85303702813594
32.79908584467954,2.704657574403573,27.174917415731553,0.28024789242649706,19.20885536393827,4.777109507268358,0.12925736952405287,4.009549517147528,0.7557971933725657,0.8214522875055237,0.37061468896751265,138,380.48125620287516,-0.0928236471315927,32.719565193817274,94.92121646077825,0.07374465018257517,0.4287895949268816,51.928456299588895,-0.12987487185906102,2.0756448362143125
60.97345092550129,2.75651669467935,14.782717342452068,0.196827839941632,30.832423834905114,1.7418088145396826,7.502153933160442,1.9936513485047733,0.672815439541606,1.5741200722298219,0.42458209263665375,139,3058.626778498811,-0.10726169381874581,242.3442085628849,508.70610568255915,-0.0644388444238171,5.560224785976948,1169.5208919016295,-0.15321710161818805,70.15281057549734
183.0382102857523,1.7253076959059905,13.645854808179855,0.3488755992297707,10.370008150559055,1.0408760753157447,0.06382903536625051,3.6869674645251687,1.9768750070840537,0.30354248206455464,0.19524965619290183,140,2439.228665950296,-0.10451045179544491,165.21692385651397,601.7397118986573,0.09674200045633345,8.03558788946139,253.66430696076463,-0.09272349440146377,10.306981635911932
12.591597368547045,3.3594240425080852,19.115232671015757,0.3837571873424509,19.66575793878763,4.094436726644672,2.033901992841692,1.4137597311344843,1.0784945081376298,0.9759151582914035,0.49223435782179065,141,206.62418741390346,-0.09575444544487037,15.316690434327548,95.91486789689586,-0.05572054593924311,0.21656209994901113,58.44255281243641,-0.14816418235862866,3.087683689240845
166.68310900132934,3.2360656633519542,13.86562690393275,0.060384033487980146,21.288049675984276,2.2143527829528313,10.929161408030486,4.805184610899537,0.9903379340827048,0.5584344026503498,0.4191039033149109,142,9827.24677790487,-0.09509961869538244,783.757021575286,1346.6191200486342,0.034972002779034256,22.05617280178074,656.5885614367833,-0.1335653723636796,34.647326917784376
167.5947859326955,2.9626459760534614,21.221409228933673,0.1401023674007143,15.05068471199629,2.035258060380791,4.020073983750715,3.8986370597446265,1.566344481405273,2.736719613547694,0.25277961200595167,143,2995.9692210738895,-0.10516293430952237,231.45297205931467,441.71764236279523,-0.07133189324960752,4.526018015793702,950.3025244453552,-0.1531396447777796,55.547336509361315
59.47985207933786,2.0755546171013775,26.547255598333688,0.17080622610241933,26.067836552205094,1.8913154380086383,4.237147145185618,2.5801167354895105,1.6790607031666551,1.6246295241549105,0.1909875181001014,144,923.6339511422013,-0.11964597821181853,66.71328767302766,173.95305935182304,-0.007825018206005018,1.8831840325546105,270.2304931821464,-0.16018589273956937,15.321423183000167
15.038032862429768,2.3248149134032627,28.614674323320767,0.37215453604454,10.93218770092293,4.343085662508269,10.130983811484073,1.4401418213376815,1.988773159849959,1.6572783460403762,0.16196897459057336,145,157.28776975334432,-0.10726235289169907,12.144695340119833,98.29869942781804,-0.0013370356335977343,0.5518638794695424,62.76518827687425,-0.16052179164748445,3.5924853830330856
141.11645429722665,3.2420279045260916,20.844872950720124,0.18634050103277844,23.217842996611033,1.5969712097754725,3.5608818854045703,2.01893376550579,0.29602276356097035,0.6633164282223845,0.24791924879919444,146,1643.5420125976366,-0.1028495127383546,145.79549853128927,188.82300864354391,-0.022325313948466197,2.645514758499255,280.68931666107346,-0.14800987906265994,16.340361977764925
33.92227046685122,1.9543141819517988,14.955596942802845,0.10048260372717227,14.769267225847463,2.8569201512261584,0.04566838211942118,1.191328601636107,0.7411502690618185,1.7978722766396162,0.46025071849623816,147,245.689113149315,-0.10544952128091607,17.303801759761022,109.35799780025626,-0.021835899557312494,0.6791112135765388,166.7152977761654,-0.15395809331936522,8.775466605629278
181.7658242164826,3.1468258812221688,12.374601428024345,0.1448117541680497,28.519551357202225,4.555260385935535,3.339246144568942,4.676727988642242,0.6510427511869267,1.9818081127361484,0.2552379977174022,148,43576.28386133956,-0.1125029030732764,3950.40038154485,4125.948030377452,-0.122880412007417,51.20801566472045,9317.122217683758,-0.14575708139506388,535.8135766082615
188.31754145905123,3.445318238557779,28.08517221827525,0.36452997050377633,22.374325983494295,4.4760550450042444,7.567050262935156,1.3124882392474124,0.560988338878189,0.7983743939117453,0.43387373403200014,149,2324.4160603202595,-0.11482338672987269,192.6914745373771,284.3681744351946,-0.10433116513431556,3.354697054547113,664.955478145934,-0.1474295803205782,41.5393484747245
5.8080985023882254,2.2714937415636816,21.32648071773216,0.2989474438118756,21.579931298934923,1.2265972242466556,8.414455626984859,1.3331524888221007,1.1980551506766468,1.909730059236348,0.14198420537639994,150,38.70243980309111,-0.11953933181544164,2.6722655534588573,95.79012524099872,-0.016628304352928593,0.14385135337410906,31.064041641722056,-0.15609758920986508,1.4558559306451067
48.50397910389146,1.7048858404535152,13.159368200446636,0.3869880806464568,35.635916021614776,2.9488788577279195,0.32826577236858795,1.3007358049993074,0.6917031383135623,1.2543267463690246,0.0907097710946601,151,2725.5196726493973,-0.11240494059451686,202.37020525594428,695.7614223712673,0.010963976778726974,6.793860218583183,1296.5988952034875,-0.15559970483404137,66.87538178701966
186.51271307222189,2.6838909671152207,29.43145815690358,0.13933103375748448,14.025018783068283,1.6389205412563466,8.632374720983226,3.7061220770045287,0.32850712835995816,2.158983029741338,0.17853506523447307,152,1082.6534598456842,-0.09683882810657177,90.22688396870525,179.49303487798696,-0.05923273511324613,2.3985213556047587,330.63334531404985,-0.15295392744642228,19.645091228771168
89.11164446927974,1.6699237556405584,19.740006144613474,0.4506042489949528,11.110958029216011,1.8726925823483653,4.120995501459529,3.6450997518935258,0.5105674710036211,0.9484621254606869,0.4848213154376433,153,1176.8979233143734,-0.10977971971445415,97.10211319692749,163.51698080079782,0.013087247521506962,2.199562735076928,181.39455735842537,-0.15695952804579366,9.532244894251708
158.73863629104451,2.108865575621719,10.815231210271318,0.20438376140750067,35.89838092914742,1.1562804076933206,3.689814995767821,3.569564339769068,1.8244406831664841,1.041087032553679,0.3019372697584533,154,14284.71025845617,-0.1070806850472288,1029.5124415438415,2913.0881713702015,0.06480116624692812,36.31558011882314,2243.9162883953923,-0.15826177557564355,113.15613454148853
117.74261614729977,2.3398236668310455,23.00351759821844,0.4368120420556172,32.909256244861965,4.58349614772466,8.182254739292501,3.311314695403916,0.5241981140369498,2.582804082905016,0.4405033707976318,155,21667.62424691839,-0.11434255186228114,1817.7204613215333,3413.7337865909503,-0.11453069000011083,42.74564310297041,8964.144920166964,-0.15204913738356385,543.4598260011178
79.80837538024603,2.829488431070058,27.344468802801075,0.453688264044709,13.270654137341946,4.8617946255548254,0.78129672479282,1.875523255549544,1.3652850840008468,2.9128667416004914,0.39087068970865363,156,611.8284339881632,-0.0953477545764843,43.14618178057895,161.7253269755047,-0.07478897232680067,1.4186952283921201,366.58054997040983,-0.14350132191742862,19.339497797032482
46.321398661681684,3.087792699435748,18.09353813695665,0.43044250352780333,25.51371653872232,3.3807708399864684,3.1710164579300235,0.9729013276394822,0.6318534917736005,0.5159432785091111,0.2707227089540955,157,1657.7850378171781,-0.10959581119483737,125.20816183167054,199.59352123401578,-0.06125318553780058,1.6395547749700612,377.66806099600774,-0.15210936351451942,21.528189072759137
141.73162759329293,1.8629535902534409,12.159604255323437,0.12726775905539053,32.641569755215556,4.115755857012777,2.3163555106588634,4.958824516726905,0.8615472792552682,2.0637084630208786,0.16260269773326214,158,19142.114594181934,-0.11890351990000826,1668.6223823131866,2170.399721201248,-0.05661089742225205,23.014223203746475,4428.070463820112,-0.1516948017166434,236.12994013851826
26.266662304547868,3.4509434150263965,16.741660963306913,0.04799943912915015,31.070122680914285,2.129793994836338,10.191598232622097,1.067826759599849,0.339869181970406,1.301712306560337,0.3790472909529338,159,378.62230519852494,-0.0972429548163963,29.136529590718123,120.23524125939397,-0.09259080760815742,0.862663339864533,214.92904205054342,-0.15237133200032998,13.179072654684282
176.59264733178435,2.997545731382181,21.47542715149379,0.20663129800188168,10.184085808267717,4.036967615081222,7.687616115407456,2.6740732585305635,1.8853360024328762,1.5479782638297686,0.26465200243405135,160,5219.966215725142,-0.10636693778074272,362.4768902164668,697.2396526365118,-0.06427861597800731,8.048077768258324,1203.8682695607438,-0.1565196147181517,73.09852661281387
101.91568633088407,1.5850104477510336,16.170088101012066,0.010720820259825611,15.64751875233382,1.6666727551665648,6.10744427843376,0.8110915682943731,0.25933411810505436,1.7286457594521611,0.12961119718321798,161,355.0175683327467,-0.11486404052539542,26.878999182576614,144.81875263950843,-0.11375687087960229,1.0958657919742343,395.32779034928484,-0.15653767455108913,22.516771707713577
190.40949240435842,2.399886038985196,24.642995704990007,0.44010637954411697,30.955754229478632,3.9355158217287416,11.702050764655695,1.8243078193540585,1.1401188247184117,2.088105501749708,0.3631905184086414,162,12563.020019768794,-0.10374384652309548,815.7602075530733,3291.504461523812,-0.010379533371537708,39.554465222631094,6529.673312718059,-0.15680501844002592,390.40684542368416
82.54512389989654,2.2145445743029866,16.47919744251414,0.37979348897316534,15.157497973416612,2.8825161403662456,11.519568477436225,2.3266797380345996,0.9310792922160702,0.4379998527718991,0.4991573111288423,163,1608.5931693494133,-0.09662510083532118,110.63645272210512,316.7890151742079,0.06130572689333665,3.896592516298688,166.74865516582713,-0.14618554561497635,8.642585914129409
158.0757747307511,3.050938078240077,26.999352252314583,0.4658407145760684,31.264473323472984,2.2591841854568915,5.4791493896764845,3.044746198786478,1.6212591497690385,0.35519105047705224,0.47883312452457927,164,9111.727177528484,-0.10920982659064528,690.0498217303916,994.1770166640765,0.019586643486175795,12.88249655030487,582.0308630540511,-0.1563852390453467,27.946854007174167
7.526411124941688,2.5956642065080966,10.277838349707377,0.29147332791531866,37.09279909179045,3.486882821561267,9.522601012803278,4.421756118023207,1.0679060660653104,2.011108462499771,0.41207437477531234,165,4270.305438230038,-0.10625331946780314,338.5630247602028,615.6618605001697,-0.03773095019060311,9.16223503059931,990.5540917587339,-0.1537610248410835,59.89671618665968
54.13155974416804,2.2207810839308038,14.330470460376084,0.37367057851423396,28.049607410011916,3.648756831313517,2.763334075014413,3.8392664774067717,1.2425682469878936,1.1728997264379923,0.399804743766248,166,9038.078625424843,-0.11931730452227694,763.7674029987636,953.7642039386039,-0.03013392535832468,10.47627897034074,1479.2615248473098,-0.1555312028202986,78.61652583056056
152.99616704928223,3.177692425812982,23.23479007757566,0.14917903202213964,27.178909079032906,2.5359205711262076,4.279103947069707,0.8432592145377711,0.5499667339302434,0.7425851052014486,0.345368564883714,167,1374.4730988611766,-0.10621594889676417,99.46135345908762,215.335179110482,-0.09095209271689889,1.8541693682973195,496.63380373037666,-0.1505998553234404,29.387891448120065
78.29416869021817,1.7416553172273528,22.690298915340612,0.2693787270264285,20.500711208936785,4.72032460912685,11.581512296827569,1.7835957156270617,0.7910165136713451,0.19108006643431896,0.14428314549077925,168,1338.775689608111,-0.10863416489911122,94.08621977752159,296.8562946025636,0.07439856703717972,4.490225302400894,109.2733872374909,-0.10663021974359178,4.45584846217685
121.88910752645205,3.1576042168518463,21.75679342304285,0.234868838999165,13.042966934032307,4.962842078517033,10.584835819143276,1.7593208401258755,1.494933695015267,1.1021041272796521,0.21790894219427528,169,2725.102483504484,-0.09783403645537811,195.14565405418656,511.67591285361544,0.0015742839104915503,6.2707041104274035,642.8187163247738,-0.15711807494831997,39.28149669377139
89.74130274989227,2.1390906481442293,17.059019538276612,0.08443580354035461,11.266923441336104,4.071652886986291,1.0808361772624921,3.0185496937364604,1.692453072568126,0.3415940883159325,0.39619033455272606,170,2197.3230319543254,-0.10917905547667922,162.51896727587803,344.8635508536464,0.06993534798174933,3.6167578370727216,251.18749961884615,-0.1159895140208661,10.95127509852702
194.5316982587601,2.9493880535420702,29.641417752159267,0.3896888476113181,34.66135526980686,4.840791204167804,2.5289063393952036,1.5332237869391419,1.995366308225513,0.5999508586798059,0.146693218498411,171,10332.902920222492,-0.09472884879876761,878.9847681039364,1274.0267755576147,-0.007066092992361443,14.758384782095174,1456.290486124031,-0.16026472792824797,70.6315597434343
1.7700862683131835,2.8061222100859395,15.98956348813837,0.15585823115594727,35.1354974355391,4.339243999770694,3.442362140478404,2.3983531843344865,1.2720789730748114,0.9640596436378055,0.46992783787950587,172,220.00982289663872,-0.11241261386046845,17.02558435194711,95.95328067118434,-0.0754683527020923,0.2368823802671067,43.999083424920315,-0.15607211441015761,2.2420365280821177
153.5214156016679,1.8710641953187137,25.025472835011747,0.2158483053643414,17.936432836580703,1.5507213607189527,0.5830134113495398,1.9633064619069085,0.412846744239056,0.8321527046498346,0.2909787299488266,173,605.0491354527188,-0.09720550271193834,48.34441728928761,123.56193612051452,0.04344133997212164,1.155241500435496,143.60470776679148,-0.15606428470729863,7.544619352052912
31.581218696498738,3.0452309049927933,13.595119466000384,0.4901061448820702,13.465791711978119,3.9561988147288973,8.489875911167331,3.8940500986364355,1.0482525321591518,2.362800544372266,0.01865469307562847,174,2645.347083456715,-0.10674906775448491,209.42716173565077,383.97599980187454,-0.0892284371341034,5.255641924137206,768.2623048236737,-0.15291271538804993,47.029932823405275
162.44940026242926,2.0586680143826195,21.164629076322857,0.07332090301251172,15.377580051878617,4.512880188028998,8.806310960593748,3.7777484438252253,0.4805177529924173,1.8924713642834599,0.21694339678331923,175,5554.160135540826,-0.10895746463999192,447.912914558978,801.869852269329,-0.06847887946286119,12.52009644949058,1503.2605040129397,-0.1554165377654637,89.26366694921828
84.74448476675045,2.160655304339184,11.726246051592286,0.4698635414310999,26.980808544650863,4.281734229672864,4.872125286098729,4.06930010796523,0.727575020282852,0.3889496569895944,0.33374411925591346,176,25435.619167930767,-0.12364184051558828,2248.3944721416515,2112.4193487970115,-0.03866385650203106,35.63624385979374,1566.0677639747385,-0.1588280698419897,76.39450814220473
137.77241091713134,1.6467224009303982,23.546900507901267,0.3504408889410445,12.586145586250852,4.8342717321981485,11.82910810398473,4.565590848288182,1.7451967396691228,0.5837807842576948,0.43775699424036185,177,4788.98880932158,-0.09265166213847312,307.9023371824937,1117.8926641584992,0.0787275789086744,14.575163619530123,422.0626529568583,-0.11722892443811833,17.706515428066904
108.59652520150166,2.446470717981433,24.703864430982687,0.33022644764633863,23.420313894552095,2.3210192096514977,1.701983546989575,3.24766397937152,1.3049297228111059,0.10653059609948573,0.15034205319507407,178,2287.6812197052514,-0.11247310355705445,189.45738453322986,292.088010796619,0.07734952780240006,3.2040336025485616,166.33729585981243,-0.07325489084027452,7.218350040685993
25.796365620125012,2.8450819291477822,15.612386977486423,0.4040961688194119,12.97061867892734,4.950053586495921,9.574716557808753,3.1901600303112185,1.82945003881393,2.7431556095912506,0.4426953903497135,179,1822.0972473108584,-0.10566449908221208,124.03743397096265,332.2546391842059,-0.062184949994971435,3.5442213939379896,673.8058021278887,-0.1550982411070736,41.199299367879455
159.6522845799179,3.3133973594774906,29.20141247334768,0.1196413700589364,33.55763211018176,2.991719227481921,0.6686714513319628,3.461584765025729,0.5028383267120372,1.6755130712468784,0.05785967983242786,180,2402.5360079788825,-0.09588995734766077,212.26356971026325,283.56344017981223,-0.03506820211814292,2.9906433707812314,584.032925246442,-0.14305925555417787,31.712337843296137
98.1970005821572,3.2535221249356514,14.562601248094106,0.023164674903648798,19.363057265725793,1.972817772691723,2.073179583915174,0.8356102665155962,0.1012170795104177,0.4565715853336091,0.1082926022782931,181,647.6235207609143,-0.09814234273746837,56.401503580528924,118.1841381940357,-0.06812044065240137,1.043495658611718,177.19508933989434,-0.14802558404782304,10.15039593424716
41.64687544426313,2.2312602634174663,11.877740483824118,0.05716934738444003,36.43353854813141,4.445500620812605,11.783564100726105,1.2334908524342587,1.1745203280847416,2.351869145186108,0.024756505991359604,182,2192.2901212400493,-0.10555690094349095,134.41090133500174,744.1347222389736,-0.021163961230958313,9.155863480718308,1661.4753921464564,-0.1588947268487605,98.082273467957
2.917131163904359,3.220211560114233,19.234271364275497,0.030057009677574242,37.86457661009325,3.838600066947094,7.222383635253483,2.416538571627787,1.266550130304967,1.9292584862291313,0.44803810937044786,183,137.99041893037423,-0.10747813266770924,10.218737531222377,97.04422090778456,-0.10923458810175159,0.21780858129672653,50.91230939074037,-0.15189757434819398,2.896960830367643
131.3938720555313,1.7637361413845958,15.780205978698572,0.44487982197520226,30.172942091900588,1.738368837910311,3.966696022094954,4.717032240212389,0.9259301806026713,0.6763052278607682,0.19469591433452701,184,15388.499923066718,-0.11205147342881137,1276.4820005549045,2003.3783014366566,0.04902748550940139,26.562068984199104,1535.6651030045375,-0.14266891943249357,68.65832349801599
28.663015750872226,2.49240226276149,18.981830786870386,0.15935579487354495,21.401870481691184,4.806853005920673,6.985891140221241,4.199921659215456,1.5510753238142592,1.0671237510213438,0.2789644283128868,185,2023.2359170547113,-0.12211054497658688,166.67696863403182,214.4499803986904,-0.055264274351379226,3.13016770142455,260.6812479941849,-0.15758171239716565,15.559354608448615
70.11346575721338,2.7970483832304316,21.686614460633102,0.24175347775310857,34.842957908406945,1.1281705728744926,7.638639251104866,2.219179132183113,1.5621749606282986,1.4816110511156888,0.3163372453824397,186,2179.905149555028,-0.10190617178453318,146.01218559486574,447.5771458538243,0.02288415289190861,5.47519301753432,615.2739758888788,-0.1600155511572065,35.67456084492539
69.43667823183895,1.658297897431324,15.018092665223087,0.3753375952401406,10.52135573893389,2.092407154193161,2.107315300700107,3.5135750680669653,1.3613223455298211,1.2149000181142933,0.1199886611814591,187,1169.4897893932039,-0.11498447882864693,89.5713306504735,204.1548334340338,0.04003411503707298,2.106991375397009,228.1426942721357,-0.1607471886217759,11.297740759335111
148.45451834825963,2.98410048786915,12.260601582070002,0.167504151769187,30.50077812829211,3.619514720487793,7.3898035020089665,1.6776632929008093,1.2818474435842102,2.6216066107375346,0.18222504864279424,188,19114.142010832995,-0.10939040966318697,1319.3948585534768,4150.81783376073,-0.12325864727098353,43.14449192851947,11877.061075702624,-0.150477269193541,727.266311617786
104.8945826680497,2.979940777724524,20.681919987929398,0.437546094507188,20.23637242795425,3.7012066163714845,2.7531841732034223,4.5028827999234,1.9160471372368058,2.179324093693136,0.4355610397316867,189,4344.230938819513,-0.1152116827693647,378.0885876686242,448.54774776010834,-0.06797687490113126,4.010970012217169,1029.4144904152458,-0.1455811714105604,58.75611154766299
42.674724982809984,3.187596430523064,23.82913294535585,0.2549520528638326,33.24409394284433,2.0517424788107395,0.2519944921485065,1.2860631497038655,0.4752930444068334,1.5143959518295995,0.03761227654848082,190,629.4872383910699,-0.09595472437601385,50.20012739201195,150.7115971024292,-0.0634708470885024,1.2742378001246797,339.7911120707508,-0.14802660581815721,19.239777914415082
72.95604745619174,1.696942624356429,18.395299913276798,0.25209793466558583,24.287002056583923,2.6422138414805927,9.172600688325101,1.210776707645562,1.9502853178970183,1.3390229598491898,0.08328609995051066,191,1842.17041123257,-0.12899721233783118,123.95300435894546,551.2310178398071,0.014152261606610624,8.776863662338986,714.1264231137325,-0.1640515086875037,41.38546910837313
145.95292282532623,2.5505280710140013,21.992390040054545,0.44604313402464674,19.94688549235429,2.4854637438300173,4.6862769058082865,1.9071692743312614,0.12607524048112426,2.107936871428257,0.22132971522836517,192,1457.7519794947614,-0.11166283802094251,135.42212187492814,266.04678554124456,-0.13904387437357943,2.5629243942816253,872.0751357486599,-0.1433918480405743,52.485276966692474
13.518155834001893,2.4075083858474486,15.511410407118365,0.46094459411048205,38.08987141199126,1.7610331583402878,1.805705744893796,0.6580110216455118,1.4477381366277637,0.7158754465774979,0.2750026686625569,193,913.4986683976914,-0.0973096359518543,81.02288971380443,254.85043690393172,0.03671611104736765,3.272450210690553,259.24537824891075,-0.16778262440921649,13.815697518323509
4.353607407504694,1.5043887843975206,16.018759368193948,0.4493328111863989,39.588605846958274,3.0610283830911387,9.686843565107527,3.960205056082626,0.4160700819386467,0.6385738171899162,0.4206260827168297,194,1198.719030645426,-0.10140033279347495,92.4839616711394,184.44885276085608,0.033716394005759,2.826952421038697,122.56716965839617,-0.14493657108541194,6.3352300228738665
84.5646457652095,2.4365999571880117,11.958111660922091,0.40710517537943064,33.70407732002464,3.8798964842724173,9.073659668807952,2.3516324138654277,1.6339426982982772,1.2699261500642085,0.008280916603455103,195,29702.448676855725,-0.11468088144271946,2011.963177328157,4988.436130313982,-0.01541149692711332,61.08599200466766,7026.269743629275,-0.15783229878292215,422.91463631719506
173.28962013366097,1.7813976841095396,15.363083224036474,0.24822330034025583,12.209049192143032,3.3194176945709146,6.430577481901328,1.7704619027643573,1.296938658469475,2.526230456251379,0.003386314920324671,196,3433.0465889678635,-0.1264243537661723,229.12945720202055,764.7005912698398,-0.10866864604442514,6.411307368390599,2147.6369283397526,-0.15685958064829061,125.2800702109768
111.65621575314654,2.6082661148465793,27.0985621101512,0.4111170971060354,27.8506928198265,3.4738025353915694,5.645503420743541,2.7587764082785218,0.38580268557882347,0.28111525141814053,0.44618117169391125,197,5399.274651929557,-0.1169513473413933,481.091081237751,465.3805378011825,-0.03462689236876773,8.379723229177976,323.60899376688735,-0.15614468110182705,17.32776336766907
65.8592534482288,1.6774678961134903,10.318947135908429,0.3428278879229618,13.877669744023331,1.3424551586482298,3.017523559818872,1.0207888979943358,0.4390179154685018,0.9016793095595746,0.4150014203231474,198,322.10768212464507,-0.10969415802641828,23.497958442561092,108.84542104997851,-0.0002141460346824885,0.7902593393454342,144.52867681041428,-0.16168060391102565,7.968847643361361
40.60195903437347,2.539766640782166,18.82531846061266,0.3140855860849168,22.765059346847472,4.201426090683697,9.853342075673808,4.979019364574406,1.797932917286916,0.6889364800639493,0.10529804381549436,199,4439.355090748113,-0.11312644756554809,351.1566133341314,608.0270213124451,0.027107615565476445,8.565786672614331,342.4200314961213,-0.14500987396375614,19.202736226034247
